{
  "grid_id": 44239,
  "variable": "sfcWind",
  "start_year": 1900,
  "end_year": 2100,
  "models": {
    "rcp8.5": {
      "ann": {
        "50": {
            "absolute": [16.93702823437834, 17.392444203349566, 12.621569607243412, 13.715516519232926, 14.18098971999533, 13.655932011819843, 18.322368457469942, 17.727214594090444, 14.763322599249406, 17.355252063884215, 15.61602113813402, 16.52631852325907, 16.469277071426333, 12.798246805320996, 11.915794862909305, 9.912729644188026, 13.34494488714043, 17.819903709185017, 14.546205370112743, 16.320565852433806, 9.237078923667008, 17.623344871622535, 19.297673502283878, 13.93539050445634, 17.104360428019458, 15.224868359885438, 11.944184840909973, 14.785143305729969, 15.142021849705047, 12.089389685908332, 13.780935872947177, 17.595791440908997, 18.83480226671844, 20.574923462540376, 19.36935765197666, 19.330413515211667, 19.269817357018535, 16.52639521659461, 13.690588252198008, 16.59729118447169, 15.281693411347229, 14.339369713460588, 14.75323560575378, 14.602872501826116, 12.41292077911812, 18.679967441958482, 14.680728231428546, 13.101104668430422, 8.311792438569244, 10.398412406025221, 9.507900529716002, 17.274925755346096, 13.635441980374747, 14.880504475138979, 19.309970819279165, 13.297325797921529, 12.117364517849381, 13.772495778794474, 13.68566228527867, 7.428957482891181, 14.148046194945088, 13.866943636228761, 14.190710073338893, 14.795064777320281, 17.779060319421735, 16.426191040760852, 16.245307715060914, 17.531106898265662, 12.945834854760548, 16.555070058825482, 17.10201256561451, 7.939221822086861, 21.08230187659357, 17.41830963002503, 11.169591473330978, 16.636152599003722, 16.2433905772888, 15.607647894640106, 13.462350748851158, 13.123033078817024, 20.24863136382175, 16.61073784142804, 17.89020258263454, 14.523781168133386, 17.23652629683044, 11.135035953662147, 17.177950188400157, 16.312828868489717, 20.41985408069534, 19.327360709935846, 12.37823148604239, 13.973979302251347, 11.25188245868894, 17.472986687918926, 10.315495985522904, 15.034214098348407, 15.479082762134123, 14.606657577829965, 7.732323023298271, 10.552634413666336, 13.611195387517112, 15.912392143259293, 12.073885174678644, 18.45004134702399, 14.837648761969229, 16.17630598687403, 10.118219701464183, 12.841957549327482, 15.618628698124578, 15.052475554737963, 15.976800740202071, 12.488629565270246, 15.208657058159359, 16.033884748926212, 16.15735583972888, 10.987538022501315, 15.409974806569476, 17.02178091172848, 11.4924475448319, 16.428902055261062, 19.4824083380378, 19.09575789634701, 17.23763516374005, 15.19936449098935, 14.566339840339374, 11.593983027289557, 14.52195317736837, 22.054642603733683, 21.62736237187924, 14.008404085198077, 14.738822038913387, 20.990856847343515, 17.961371604342762, 20.389346821633865, 11.508817382340402, 14.501863998402332, 10.635543054288497, 20.33227391725116, 16.98679490206954, 11.723300172216906, 18.74438615771354, 19.993613593330117, 20.325541481078382, 15.015940678377572, 18.39958111571645, 13.786818364770914, 21.38480022661362, 16.386733295806774, 16.47546549694021, 15.028766704287571, 17.46463937912025, 17.87701663613551, 19.133892732140847, 18.010423883342572, 15.399404630496173, 23.751345374326167, 16.112991840413542, 16.32358566396259, 14.94532832757688, 11.879914727484199, 21.09608849468663, 16.08393489353014, 17.700618922267193, 21.58549944506069, 24.814855125805796, 26.06893365760919, 18.814361206171696, 17.053740102874198, 16.028029764436447, 15.255880387052553, 18.969382195443266, 17.079737747103664, 22.362828766862084, 11.683023110423594, 24.216677162151914, 16.42487429502091, 18.35949439527319, 19.441185661224864, 12.03484051003542, 23.598307108506145, 18.046081741389617, 29.900120002502174, 21.258875620210176, 18.469352404072364, 20.173896337708715, 24.24909216559913, 26.226502368154, 14.26035733651977, 11.673676488838119, 17.39232991432146, 14.410580399736325, 16.409892968505346, 20.27031740337368, 16.148019665342062, 25.401034853959985, 16.632987883384796, 18.368578176888125, 17.93387236978789, 24.58747064811879, 14.36798459173758, 17.265804561263707],